Timestamp,User,Action,Status
11/16/2025 12:00,User1,Login,Success
11/16/2025 12:00,User1,Login,Success
11/16/2025 12:00,User1,Login,Success
11/16/2025 12:00,User1,Login,Success
11/16/2025 12:00,User1,Login,Success
11/16/2025 12:00,User1,Login,Success
11/16/2025 12:00,User1,Login,Success
11/16/2025 12:00,User1,Login,Success
11/16/2025 12:00,User1,Login,Success
11/16/2025 12:00,User1,Login,Success
11/16/2025 12:00,User1,Login,Success
11/16/2025 12:00,User1,Login,Success
11/16/2025 12:00,User1,Login,Success
11/16/2025 12:00,User1,Login,Success
11/16/2025 12:00,User1,Login,Success
11/16/2025 12:00,User1,Login,Success
11/16/2025 12:00,User1,Login,Success
11/16/2025 12:00,User1,Login,Success
11/16/2025 12:00,User1,Login,Success
11/16/2025 12:00,User1,Login,Success
11/16/2025 12:00,User1,Login,Success
11/16/2025 12:00,User1,Login,Success
11/16/2025 12:00,User1,Login,Success
11/16/2025 12:00,User1,Login,Success
11/16/2025 12:00,User1,Login,Success
11/16/2025 12:00,User1,Login,Success
11/16/2025 12:00,User1,Login,Success
11/16/2025 12:00,User1,Login,Success
11/16/2025 12:00,User1,Login,Success
11/16/2025 12:00,User1,Login,Success
11/16/2025 12:00,User1,Login,Success
11/16/2025 12:00,User1,Login,Success
11/16/2025 12:00,User1,Login,Success
11/16/2025 12:00,User1,Login,Success
11/16/2025 12:00,User1,Login,Success
11/16/2025 12:00,User1,Login,Success
11/16/2025 12:00,User1,Login,Success
11/16/2025 12:00,User1,Login,Success
11/16/2025 12:00,User1,Login,Success
11/16/2025 12:00,User1,Login,Success
11/16/2025 12:00,User1,Login,Success
11/16/2025 12:00,User1,Login,Success
11/16/2025 12:00,User1,Login,Success
11/16/2025 12:00,User1,Login,Success
11/16/2025 12:00,User1,Login,Success
11/16/2025 12:00,User1,Login,Success
11/16/2025 12:00,User1,Login,Success
11/16/2025 12:00,User1,Login,Success
11/16/2025 12:00,User1,Login,Success
11/16/2025 12:00,User1,Login,Success
11/16/2025 12:00,User1,Login,Success
11/16/2025 12:00,User1,Login,Success
11/16/2025 12:00,User1,Login,Success
11/16/2025 12:00,User1,Login,Success
11/16/2025 12:00,User1,Login,Success
11/16/2025 12:00,User1,Login,Success
11/16/2025 12:00,User1,Login,Success
11/16/2025 12:00,User1,Login,Success
11/16/2025 12:00,User1,Login,Success
11/16/2025 12:00,User1,Login,Success
11/16/2025 12:00,User1,Login,Success
11/16/2025 12:00,User1,Login,Success
11/16/2025 12:00,User1,Login,Success
11/16/2025 12:00,User1,Login,Success
11/16/2025 12:00,User1,Login,Success
11/16/2025 12:00,User1,Login,Success
11/16/2025 12:00,User1,Login,Success
11/16/2025 12:00,User1,Login,Success
11/16/2025 12:00,User1,Login,Success
11/16/2025 12:00,User1,Login,Success
11/16/2025 12:00,User1,Login,Success
11/16/2025 12:00,User1,Login,Success
11/16/2025 12:00,User1,Login,Success
11/16/2025 12:00,User1,Login,Success
11/16/2025 12:00,User1,Login,Success
11/16/2025 12:00,User1,Login,Success
11/16/2025 12:00,User1,Login,Success
11/16/2025 12:00,User1,Login,Success
11/16/2025 12:00,User1,Login,Success
11/16/2025 12:00,User1,Login,Success
11/16/2025 12:00,User1,Login,Success
11/16/2025 12:00,User1,Login,Success
11/16/2025 12:00,User1,Login,Success
11/16/2025 12:00,User1,Login,Success
11/16/2025 12:00,User1,Login,Success
11/16/2025 12:00,User1,Login,Success
11/16/2025 12:00,User1,Login,Success
11/16/2025 12:00,User1,Login,Success
11/16/2025 12:00,User1,Login,Success
11/16/2025 12:00,User1,Login,Success
11/16/2025 12:00,User1,Login,Success
11/16/2025 12:00,User1,Login,Success
11/16/2025 12:00,User1,Login,Success
11/16/2025 12:00,User1,Login,Success
11/16/2025 12:00,User1,Login,Success
11/16/2025 12:00,User1,Login,Success
11/16/2025 12:00,User1,Login,Success
11/16/2025 12:00,User1,Login,Success
11/16/2025 12:00,User1,Login,Success
11/16/2025 12:00,User1,Login,Success
11/16/2025 12:00,User1,Login,Success
11/16/2025 12:00,User1,Login,Success
11/16/2025 12:00,User1,Login,Success
11/16/2025 12:00,User1,Login,Success
11/16/2025 12:00,User1,Login,Success
11/16/2025 12:00,User1,Login,Success
11/16/2025 12:00,User1,Login,Success
11/16/2025 12:00,User1,Login,Success
11/16/2025 12:00,User1,Login,Success
11/16/2025 12:00,User1,Login,Success
11/16/2025 12:00,User1,Login,Success
11/16/2025 12:00,User1,Login,Success
11/16/2025 12:00,User1,Login,Success
11/16/2025 12:00,User1,Login,Success
11/16/2025 12:00,User1,Login,Success
11/16/2025 12:00,User1,Login,Success
11/16/2025 12:00,User1,Login,Success
11/16/2025 12:00,User1,Login,Success
11/16/2025 12:00,User1,Login,Success
11/16/2025 12:00,User1,Login,Success
11/16/2025 12:00,User1,Login,Success
11/16/2025 12:00,User1,Login,Success
11/16/2025 12:00,User1,Login,Success
11/16/2025 12:00,User1,Login,Success
11/16/2025 12:00,User1,Login,Success
11/16/2025 12:00,User1,Login,Success
11/16/2025 12:00,User1,Login,Success
11/16/2025 12:00,User1,Login,Success
11/16/2025 12:00,User1,Login,Success
11/16/2025 12:00,User1,Login,Success
11/16/2025 12:00,User1,Login,Success
11/16/2025 12:00,User1,Login,Success
11/16/2025 12:00,User1,Login,Success
11/16/2025 12:00,User1,Login,Success
11/16/2025 12:00,User1,Login,Success
11/16/2025 12:00,User1,Login,Success
11/16/2025 12:00,User1,Login,Success
11/16/2025 12:00,User1,Login,Success
11/16/2025 12:00,User1,Login,Success
11/16/2025 12:00,User1,Login,Success
11/16/2025 12:00,User1,Login,Success
11/16/2025 12:00,User1,Login,Success
11/16/2025 12:00,User1,Login,Success
11/16/2025 12:00,User1,Login,Success
11/16/2025 12:00,User1,Login,Success
11/16/2025 12:00,User1,Login,Success
11/16/2025 12:00,User1,Login,Success
11/16/2025 12:00,User1,Login,Success
11/16/2025 12:00,User1,Login,Success
11/16/2025 12:00,User1,Login,Success
11/16/2025 12:00,User1,Login,Success
11/16/2025 12:00,User1,Login,Success
11/16/2025 12:00,User1,Login,Success
11/16/2025 12:00,User1,Login,Success
11/16/2025 12:00,User1,Login,Success
11/16/2025 12:00,User1,Login,Success
11/16/2025 12:00,User1,Login,Success
11/16/2025 12:00,User1,Login,Success
11/16/2025 12:00,User1,Login,Success
11/16/2025 12:00,User1,Login,Success
11/16/2025 12:00,User1,Login,Success
11/16/2025 12:00,User1,Login,Success
11/16/2025 12:00,User1,Login,Success
11/16/2025 12:00,User1,Login,Success
11/16/2025 12:00,User1,Login,Success
11/16/2025 12:00,User1,Login,Success
11/16/2025 12:00,User1,Login,Success
11/16/2025 12:00,User1,Login,Success
11/16/2025 12:00,User1,Login,Success
11/16/2025 12:00,User1,Login,Success
11/16/2025 12:00,User1,Login,Success
11/16/2025 12:00,User1,Login,Success
11/16/2025 12:00,User1,Login,Success
11/16/2025 12:00,User1,Login,Success
11/16/2025 12:00,User1,Login,Success
11/16/2025 12:00,User1,Login,Success
11/16/2025 12:00,User1,Login,Success
11/16/2025 12:00,User1,Login,Success
11/16/2025 12:00,User1,Login,Success
11/16/2025 12:00,User1,Login,Success
11/16/2025 12:00,User1,Login,Success
11/16/2025 12:00,User1,Login,Success
11/16/2025 12:00,User1,Login,Success
11/16/2025 12:00,User1,Login,Success
11/16/2025 12:00,User1,Login,Success
11/16/2025 12:00,User1,Login,Success
11/16/2025 12:00,User1,Login,Success
11/16/2025 12:00,User1,Login,Success
11/16/2025 12:00,User1,Login,Success
11/16/2025 12:00,User1,Login,Success
11/16/2025 12:00,User1,Login,Success
11/16/2025 12:00,User1,Login,Success
11/16/2025 12:00,User1,Login,Success
11/16/2025 12:00,User1,Login,Success
11/16/2025 12:00,User1,Login,Success
11/16/2025 12:00,User1,Login,Success
11/16/2025 12:00,User1,Login,Success
11/16/2025 12:00,User1,Login,Success
11/16/2025 12:00,User1,Login,Success
11/16/2025 12:00,User1,Login,Success
11/16/2025 12:00,User1,Login,Success
11/16/2025 12:00,User1,Login,Success
11/16/2025 12:00,User1,Login,Success
11/16/2025 12:00,User1,Login,Success
11/16/2025 12:00,User1,Login,Success
11/16/2025 12:00,User1,Login,Success
11/16/2025 12:00,User1,Login,Success
11/16/2025 12:00,User1,Login,Success
11/16/2025 12:00,User1,Login,Success
11/16/2025 12:00,User1,Login,Success
11/16/2025 12:00,User1,Login,Success
11/16/2025 12:00,User1,Login,Success
11/16/2025 12:00,User1,Login,Success
11/16/2025 12:00,User1,Login,Success
11/16/2025 12:00,User1,Login,Success
11/16/2025 12:00,User1,Login,Success
11/16/2025 12:00,User1,Login,Success
11/16/2025 12:00,User1,Login,Success
11/16/2025 12:00,User1,Login,Success
11/16/2025 12:00,User1,Login,Success
11/16/2025 12:00,User1,Login,Success
11/16/2025 12:00,User1,Login,Success
11/16/2025 12:00,User1,Login,Success
11/16/2025 12:00,User1,Login,Success
11/16/2025 12:00,User1,Login,Success
11/16/2025 12:00,User1,Login,Success
11/16/2025 12:00,User1,Login,Success
11/16/2025 12:00,User1,Login,Success
11/16/2025 12:00,User1,Login,Success
11/16/2025 12:00,User1,Login,Success
11/16/2025 12:00,User1,Login,Success
11/16/2025 12:00,User1,Login,Success
11/16/2025 12:00,User1,Login,Success
11/16/2025 12:00,User1,Login,Success
11/16/2025 12:00,User1,Login,Success
11/16/2025 12:00,User1,Login,Success
11/16/2025 12:00,User1,Login,Success
11/16/2025 12:00,User1,Login,Success
11/16/2025 12:00,User1,Login,Success
11/16/2025 12:00,User1,Login,Success
11/16/2025 12:00,User1,Login,Success
11/16/2025 12:00,User1,Login,Success
11/16/2025 12:00,User1,Login,Success
11/16/2025 12:00,User1,Login,Success
11/16/2025 12:00,User1,Login,Success
11/16/2025 12:00,User1,Login,Success
11/16/2025 12:00,User1,Login,Success
11/16/2025 12:00,User1,Login,Success
11/16/2025 12:00,User1,Login,Success
11/16/2025 12:00,User1,Login,Success
11/16/2025 12:00,User1,Login,Success
11/16/2025 12:00,User1,Login,Success
11/16/2025 12:00,User1,Login,Success
11/16/2025 12:00,User1,Login,Success
11/16/2025 12:00,User1,Login,Success
11/16/2025 12:00,User1,Login,Success
11/16/2025 12:00,User1,Login,Success
11/16/2025 12:00,User1,Login,Success
11/16/2025 12:00,User1,Login,Success
11/16/2025 12:00,User1,Login,Success
11/16/2025 12:00,User1,Login,Success
11/16/2025 12:00,User1,Login,Success
11/16/2025 12:00,User1,Login,Success
11/16/2025 12:00,User1,Login,Success
11/16/2025 12:00,User1,Login,Success
11/16/2025 12:00,User1,Login,Success
11/16/2025 12:00,User1,Login,Success
11/16/2025 12:00,User1,Login,Success
11/16/2025 12:00,User1,Login,Success
11/16/2025 12:00,User1,Login,Success
11/16/2025 12:00,User1,Login,Success
11/16/2025 12:00,User1,Login,Success
11/16/2025 12:00,User1,Login,Success
11/16/2025 12:00,User1,Login,Success
11/16/2025 12:00,User1,Login,Success
11/16/2025 12:00,User1,Login,Success
11/16/2025 12:00,User1,Login,Success
11/16/2025 12:00,User1,Login,Success
11/16/2025 12:00,User1,Login,Success
11/16/2025 12:00,User1,Login,Success
11/16/2025 12:00,User1,Login,Success
11/16/2025 12:00,User1,Login,Success
11/16/2025 12:00,User1,Login,Success
11/16/2025 12:00,User1,Login,Success
11/16/2025 12:00,User1,Login,Success
11/16/2025 12:00,User1,Login,Success
11/16/2025 12:00,User1,Login,Success
11/16/2025 12:00,User1,Login,Success
11/16/2025 12:00,User1,Login,Success
11/16/2025 12:00,User1,Login,Success
11/16/2025 12:00,User1,Login,Success
11/16/2025 12:00,User1,Login,Success
11/16/2025 12:00,User1,Login,Success
11/16/2025 12:00,User1,Login,Success
11/16/2025 12:00,User1,Login,Success
11/16/2025 12:00,User1,Login,Success
11/16/2025 12:00,User1,Login,Success
11/16/2025 12:00,User1,Login,Success
11/16/2025 12:00,User1,Login,Success
11/16/2025 12:00,User1,Login,Success
11/16/2025 12:00,User1,Login,Success
11/16/2025 12:00,User1,Login,Success
11/16/2025 12:00,User1,Login,Success
11/16/2025 12:00,User1,Login,Success
11/16/2025 12:00,User1,Login,Success
11/16/2025 12:00,User1,Login,Success
11/16/2025 12:00,User1,Login,Success
11/16/2025 12:00,User1,Login,Success
11/16/2025 12:00,User1,Login,Success
11/16/2025 12:00,User1,Login,Success
11/16/2025 12:00,User1,Login,Success
11/16/2025 12:00,User1,Login,Success
11/16/2025 12:00,User1,Login,Success
11/16/2025 12:00,User1,Login,Success
11/16/2025 12:00,User1,Login,Success
11/16/2025 12:00,User1,Login,Success
11/16/2025 12:00,User1,Login,Success
11/16/2025 12:00,User1,Login,Success
11/16/2025 12:00,User1,Login,Success
11/16/2025 12:00,User1,Login,Success
11/16/2025 12:00,User1,Login,Success
11/16/2025 12:00,User1,Login,Success
11/16/2025 12:00,User1,Login,Success
11/16/2025 12:00,User1,Login,Success
11/16/2025 12:00,User1,Login,Success
11/16/2025 12:00,User1,Login,Success
11/16/2025 12:00,User1,Login,Success
11/16/2025 12:00,User1,Login,Success
11/16/2025 12:00,User1,Login,Success
11/16/2025 12:00,User1,Login,Success
11/16/2025 12:00,User1,Login,Success
11/16/2025 12:00,User1,Login,Success
11/16/2025 12:00,User1,Login,Success
11/16/2025 12:00,User1,Login,Success
11/16/2025 12:00,User1,Login,Success
11/16/2025 12:00,User1,Login,Success
11/16/2025 12:00,User1,Login,Success
11/16/2025 12:00,User1,Login,Success
11/16/2025 12:00,User1,Login,Success
11/16/2025 12:00,User1,Login,Success
11/16/2025 12:00,User1,Login,Success
11/16/2025 12:00,User1,Login,Success
11/16/2025 12:00,User1,Login,Success
11/16/2025 12:00,User1,Login,Success
11/16/2025 12:00,User1,Login,Success
11/16/2025 12:00,User1,Login,Success
11/16/2025 12:00,User1,Login,Success
11/16/2025 12:00,User1,Login,Success
11/16/2025 12:00,User1,Login,Success
11/16/2025 12:00,User1,Login,Success
11/16/2025 12:00,User1,Login,Success
11/16/2025 12:00,User1,Login,Success
11/16/2025 12:00,User1,Login,Success
11/16/2025 12:00,User1,Login,Success
11/16/2025 12:00,User1,Login,Success
11/16/2025 12:00,User1,Login,Success
11/16/2025 12:00,User1,Login,Success
11/16/2025 12:00,User1,Login,Success
11/16/2025 12:00,User1,Login,Success
11/16/2025 12:00,User1,Login,Success
11/16/2025 12:00,User1,Login,Success
11/16/2025 12:00,User1,Login,Success
11/16/2025 12:00,User1,Login,Success
11/16/2025 12:00,User1,Login,Success
11/16/2025 12:00,User1,Login,Success
11/16/2025 12:00,User1,Login,Success
11/16/2025 12:00,User1,Login,Success
11/16/2025 12:00,User1,Login,Success
11/16/2025 12:00,User1,Login,Success
11/16/2025 12:00,User1,Login,Success
11/16/2025 12:00,User1,Login,Success
11/16/2025 12:00,User1,Login,Success
11/16/2025 12:00,User1,Login,Success
11/16/2025 12:00,User1,Login,Success
11/16/2025 12:00,User1,Login,Success
11/16/2025 12:00,User1,Login,Success
11/16/2025 12:00,User1,Login,Success
11/16/2025 12:00,User1,Login,Success
11/16/2025 12:00,User1,Login,Success
11/16/2025 12:00,User1,Login,Success
11/16/2025 12:00,User1,Login,Success
11/16/2025 12:00,User1,Login,Success
11/16/2025 12:00,User1,Login,Success
11/16/2025 12:00,User1,Login,Success
11/16/2025 12:00,User1,Login,Success
11/16/2025 12:00,User1,Login,Success
11/16/2025 12:00,User1,Login,Success
11/16/2025 12:00,User1,Login,Success
11/16/2025 12:00,User1,Login,Success
11/16/2025 12:00,User1,Login,Success
11/16/2025 12:00,User1,Login,Success
11/16/2025 12:00,User1,Login,Success
11/16/2025 12:00,User1,Login,Success
11/16/2025 12:00,User1,Login,Success
11/16/2025 12:00,User1,Login,Success
11/16/2025 12:00,User1,Login,Success
11/16/2025 12:00,User1,Login,Success
11/16/2025 12:00,User1,Login,Success
11/16/2025 12:00,User1,Login,Success
11/16/2025 12:00,User1,Login,Success
11/16/2025 12:00,User1,Login,Success
11/16/2025 12:00,User1,Login,Success
11/16/2025 12:00,User1,Login,Success
11/16/2025 12:00,User1,Login,Success
11/16/2025 12:00,User1,Login,Success
11/16/2025 12:00,User1,Login,Success
11/16/2025 12:00,User1,Login,Success
11/16/2025 12:00,User1,Login,Success
11/16/2025 12:00,User1,Login,Success
11/16/2025 12:00,User1,Login,Success
11/16/2025 12:00,User1,Login,Success
11/16/2025 12:00,User1,Login,Success
11/16/2025 12:00,User1,Login,Success
11/16/2025 12:00,User1,Login,Success
11/16/2025 12:00,User1,Login,Success
11/16/2025 12:00,User1,Login,Success
11/16/2025 12:00,User1,Login,Success
11/16/2025 12:00,User1,Login,Success
11/16/2025 12:00,User1,Login,Success
11/16/2025 12:00,User1,Login,Success
11/16/2025 12:00,User1,Login,Success
11/16/2025 12:00,User1,Login,Success
11/16/2025 12:00,User1,Login,Success
11/16/2025 12:00,User1,Login,Success
11/16/2025 12:00,User1,Login,Success
11/16/2025 12:00,User1,Login,Success
11/16/2025 12:00,User1,Login,Success
11/16/2025 12:00,User1,Login,Success
11/16/2025 12:00,User1,Login,Success
11/16/2025 12:00,User1,Login,Success
11/16/2025 12:00,User1,Login,Success
11/16/2025 12:00,User1,Login,Success
11/16/2025 12:00,User1,Login,Success
11/16/2025 12:00,User1,Login,Success
11/16/2025 12:00,User1,Login,Success
11/16/2025 12:00,User1,Login,Success
11/16/2025 12:00,User1,Login,Success
11/16/2025 12:00,User1,Login,Success
11/16/2025 12:00,User1,Login,Success
11/16/2025 12:00,User1,Login,Success
11/16/2025 12:00,User1,Login,Success
11/16/2025 12:00,User1,Login,Success
11/16/2025 12:00,User1,Login,Success
11/16/2025 12:00,User1,Login,Success
11/16/2025 12:00,User1,Login,Success
11/16/2025 12:00,User1,Login,Success
11/16/2025 12:00,User1,Login,Success
11/16/2025 12:00,User1,Login,Success
11/16/2025 12:00,User1,Login,Success
11/16/2025 12:00,User1,Login,Success
11/16/2025 12:00,User1,Login,Success
11/16/2025 12:00,User1,Login,Success
11/16/2025 12:00,User1,Login,Success
11/16/2025 12:00,User1,Login,Success
11/16/2025 12:00,User1,Login,Success
11/16/2025 12:00,User1,Login,Success
11/16/2025 12:00,User1,Login,Success
11/16/2025 12:00,User1,Login,Success
11/16/2025 12:00,User1,Login,Success
11/16/2025 12:00,User1,Login,Success
11/16/2025 12:00,User1,Login,Success
11/16/2025 12:00,User1,Login,Success
11/16/2025 12:00,User1,Login,Success
11/16/2025 12:00,User1,Login,Success
11/16/2025 12:00,User1,Login,Success
11/16/2025 12:00,User1,Login,Success
11/16/2025 12:00,User1,Login,Success
11/16/2025 12:00,User1,Login,Success
11/16/2025 12:00,User1,Login,Success
11/16/2025 12:00,User1,Login,Success
11/16/2025 12:00,User1,Login,Success
11/16/2025 12:00,User1,Login,Success
11/16/2025 12:00,User1,Login,Success
11/16/2025 12:00,User1,Login,Success
11/16/2025 12:00,User1,Login,Success
11/16/2025 12:00,User1,Login,Success
11/16/2025 12:00,User1,Login,Success
11/16/2025 12:00,User1,Login,Success
11/16/2025 12:00,User1,Login,Success
11/16/2025 12:00,User1,Login,Success
11/16/2025 12:00,User1,Login,Success
11/16/2025 12:00,User1,Login,Success
11/16/2025 12:00,User1,Login,Success
11/16/2025 12:00,User1,Login,Success
11/16/2025 12:00,User1,Login,Success
11/16/2025 12:00,User1,Login,Success
11/16/2025 12:00,User1,Login,Success
11/16/2025 12:00,User1,Login,Success
11/16/2025 12:00,User1,Login,Success
11/16/2025 12:00,User1,Login,Success
11/16/2025 12:00,User1,Login,Success
11/16/2025 12:00,User1,Login,Success
11/16/2025 12:00,User1,Login,Success
11/16/2025 12:00,User1,Login,Success
11/16/2025 12:00,User1,Login,Success
11/16/2025 12:00,User1,Login,Success
11/16/2025 12:00,User1,Login,Success
11/16/2025 12:00,User1,Login,Success
11/16/2025 12:00,User1,Login,Success
11/16/2025 12:00,User1,Login,Success
11/16/2025 12:00,User1,Login,Success
11/16/2025 12:00,User1,Login,Success
11/16/2025 12:00,User1,Login,Success
11/16/2025 12:00,User1,Login,Success
11/16/2025 12:00,User1,Login,Success
11/16/2025 12:00,User1,Login,Success
11/16/2025 12:00,User1,Login,Success
11/16/2025 12:00,User1,Login,Success
11/16/2025 12:00,User1,Login,Success
11/16/2025 12:00,User1,Login,Success
11/16/2025 12:00,User1,Login,Success
11/16/2025 12:00,User1,Login,Success
11/16/2025 12:00,User1,Login,Success
11/16/2025 12:00,User1,Login,Success
11/16/2025 12:00,User1,Login,Success
11/16/2025 12:00,User1,Login,Success
11/16/2025 12:00,User1,Login,Success
11/16/2025 12:00,User1,Login,Success
11/16/2025 12:00,User1,Login,Success
11/16/2025 12:00,User1,Login,Success
11/16/2025 12:00,User1,Login,Success
11/16/2025 12:00,User1,Login,Success
11/16/2025 12:00,User1,Login,Success
11/16/2025 12:00,User1,Login,Success
11/16/2025 12:00,User1,Login,Success
11/16/2025 12:00,User1,Login,Success
11/16/2025 12:00,User1,Login,Success
11/16/2025 12:00,User1,Login,Success
11/16/2025 12:00,User1,Login,Success
11/16/2025 12:00,User1,Login,Success
11/16/2025 12:00,User1,Login,Success
11/16/2025 12:00,User1,Login,Success
11/16/2025 12:00,User1,Login,Success
11/16/2025 12:00,User1,Login,Success
11/16/2025 12:00,User1,Login,Success
11/16/2025 12:00,User1,Login,Success
11/16/2025 12:00,User1,Login,Success
11/16/2025 12:00,User1,Login,Success
11/16/2025 12:00,User1,Login,Success
11/16/2025 12:00,User1,Login,Success
11/16/2025 12:00,User1,Login,Success
11/16/2025 12:00,User1,Login,Success
11/16/2025 12:00,User1,Login,Success
11/16/2025 12:00,User1,Login,Success
11/16/2025 12:00,User1,Login,Success
11/16/2025 12:00,User1,Login,Success
11/16/2025 12:00,User1,Login,Success
11/16/2025 12:00,User1,Login,Success
11/16/2025 12:00,User1,Login,Success
11/16/2025 12:00,User1,Login,Success
11/16/2025 12:00,User1,Login,Success
11/16/2025 12:00,User1,Login,Success
11/16/2025 12:00,User1,Login,Success
11/16/2025 12:00,User1,Login,Success
11/16/2025 12:00,User1,Login,Success
11/16/2025 12:00,User1,Login,Success
11/16/2025 12:00,User1,Login,Success
11/16/2025 12:00,User1,Login,Success
11/16/2025 12:00,User1,Login,Success
11/16/2025 12:00,User1,Login,Success
11/16/2025 12:00,User1,Login,Success
11/16/2025 12:00,User1,Login,Success
11/16/2025 12:00,User1,Login,Success
11/16/2025 12:00,User1,Login,Success
11/16/2025 12:00,User1,Login,Success
11/16/2025 12:00,User1,Login,Success
11/16/2025 12:00,User1,Login,Success
11/16/2025 12:00,User1,Login,Success
11/16/2025 12:00,User1,Login,Success
11/16/2025 12:00,User1,Login,Success
11/16/2025 12:00,User1,Login,Success
11/16/2025 12:00,User1,Login,Success
11/16/2025 12:00,User1,Login,Success
11/16/2025 12:00,User1,Login,Success
11/16/2025 12:00,User1,Login,Success
11/16/2025 12:00,User1,Login,Success
11/16/2025 12:00,User1,Login,Success
11/16/2025 12:00,User1,Login,Success
11/16/2025 12:00,User1,Login,Success
11/16/2025 12:00,User1,Login,Success
11/16/2025 12:00,User1,Login,Success
11/16/2025 12:00,User1,Login,Success
11/16/2025 12:00,User1,Login,Success
11/16/2025 12:00,User1,Login,Success
11/16/2025 12:00,User1,Login,Success
11/16/2025 12:00,User1,Login,Success
11/16/2025 12:00,User1,Login,Success
11/16/2025 12:00,User1,Login,Success
11/16/2025 12:00,User1,Login,Success
11/16/2025 12:00,User1,Login,Success
11/16/2025 12:00,User1,Login,Success
11/16/2025 12:00,User1,Login,Success
11/16/2025 12:00,User1,Login,Success
11/16/2025 12:00,User1,Login,Success
11/16/2025 12:00,User1,Login,Success
11/16/2025 12:00,User1,Login,Success
11/16/2025 12:00,User1,Login,Success
11/16/2025 12:00,User1,Login,Success
11/16/2025 12:00,User1,Login,Success
11/16/2025 12:00,User1,Login,Success
11/16/2025 12:00,User1,Login,Success
11/16/2025 12:00,User1,Login,Success
11/16/2025 12:00,User1,Login,Success
11/16/2025 12:00,User1,Login,Success
11/16/2025 12:00,User1,Login,Success
11/16/2025 12:00,User1,Login,Success
11/16/2025 12:00,User1,Login,Success
11/16/2025 12:00,User1,Login,Success
11/16/2025 12:00,User1,Login,Success
11/16/2025 12:00,User1,Login,Success
11/16/2025 12:00,User1,Login,Success
11/16/2025 12:00,User1,Login,Success
11/16/2025 12:00,User1,Login,Success
11/16/2025 12:00,User1,Login,Success
11/16/2025 12:00,User1,Login,Success
11/16/2025 12:00,User1,Login,Success
11/16/2025 12:00,User1,Login,Success
11/16/2025 12:00,User1,Login,Success
11/16/2025 12:00,User1,Login,Success
11/16/2025 12:00,User1,Login,Success
11/16/2025 12:00,User1,Login,Success
11/16/2025 12:00,User1,Login,Success
11/16/2025 12:00,User1,Login,Success
11/16/2025 12:00,User1,Login,Success
11/16/2025 12:00,User1,Login,Success
11/16/2025 12:00,User1,Login,Success
11/16/2025 12:00,User1,Login,Success
11/16/2025 12:00,User1,Login,Success
11/16/2025 12:00,User1,Login,Success
11/16/2025 12:00,User1,Login,Success
11/16/2025 12:00,User1,Login,Success
11/16/2025 12:00,User1,Login,Success
11/16/2025 12:00,User1,Login,Success
11/16/2025 12:00,User1,Login,Success
11/16/2025 12:00,User1,Login,Success
11/16/2025 12:00,User1,Login,Success
11/16/2025 12:00,User1,Login,Success
11/16/2025 12:00,User1,Login,Success
11/16/2025 12:00,User1,Login,Success
11/16/2025 12:00,User1,Login,Success
11/16/2025 12:00,User1,Login,Success
11/16/2025 12:00,User1,Login,Success
11/16/2025 12:00,User1,Login,Success
11/16/2025 12:00,User1,Login,Success
11/16/2025 12:00,User1,Login,Success
11/16/2025 12:00,User1,Login,Success
11/16/2025 12:00,User1,Login,Success
11/16/2025 12:00,User1,Login,Success
11/16/2025 12:00,User1,Login,Success
11/16/2025 12:00,User1,Login,Success
11/16/2025 12:00,User1,Login,Success
11/16/2025 12:00,User1,Login,Success
11/16/2025 12:00,User1,Login,Success
11/16/2025 12:00,User1,Login,Success
11/16/2025 12:00,User1,Login,Success
11/16/2025 12:00,User1,Login,Success
11/16/2025 12:00,User1,Login,Success
11/16/2025 12:00,User1,Login,Success
11/16/2025 12:00,User1,Login,Success
11/16/2025 12:00,User1,Login,Success
11/16/2025 12:00,User1,Login,Success
11/16/2025 12:00,User1,Login,Success
11/16/2025 12:00,User1,Login,Success
11/16/2025 12:00,User1,Login,Success
11/16/2025 12:00,User1,Login,Success
11/16/2025 12:00,User1,Login,Success
11/16/2025 12:00,User1,Login,Success
11/16/2025 12:00,User1,Login,Success
11/16/2025 12:00,User1,Login,Success
11/16/2025 12:00,User1,Login,Success
11/16/2025 12:00,User1,Login,Success
11/16/2025 12:00,User1,Login,Success
11/16/2025 12:00,User1,Login,Success
11/16/2025 12:00,User1,Login,Success
11/16/2025 12:00,User1,Login,Success
11/16/2025 12:00,User1,Login,Success
11/16/2025 12:00,User1,Login,Success
11/16/2025 12:00,User1,Login,Success
11/16/2025 12:00,User1,Login,Success
11/16/2025 12:00,User1,Login,Success
11/16/2025 12:00,User1,Login,Success
11/16/2025 12:00,User1,Login,Success
11/16/2025 12:00,User1,Login,Success
11/16/2025 12:00,User1,Login,Success
11/16/2025 12:00,User1,Login,Success
11/16/2025 12:00,User1,Login,Success
11/16/2025 12:00,User1,Login,Success
11/16/2025 12:00,User1,Login,Success
11/16/2025 12:00,User1,Login,Success
11/16/2025 12:00,User1,Login,Success
11/16/2025 12:00,User1,Login,Success
11/16/2025 12:00,User1,Login,Success
11/16/2025 12:00,User1,Login,Success
11/16/2025 12:00,User1,Login,Success
11/16/2025 12:00,User1,Login,Success
11/16/2025 12:00,User1,Login,Success
11/16/2025 12:00,User1,Login,Success
11/16/2025 12:00,User1,Login,Success
11/16/2025 12:00,User1,Login,Success
11/16/2025 12:00,User1,Login,Success
11/16/2025 12:00,User1,Login,Success
11/16/2025 12:00,User1,Login,Success
11/16/2025 12:00,User1,Login,Success
11/16/2025 12:00,User1,Login,Success
11/16/2025 12:00,User1,Login,Success
11/16/2025 12:00,User1,Login,Success
11/16/2025 12:00,User1,Login,Success
11/16/2025 12:00,User1,Login,Success
11/16/2025 12:00,User1,Login,Success
11/16/2025 12:00,User1,Login,Success
11/16/2025 12:00,User1,Login,Success
11/16/2025 12:00,User1,Login,Success
11/16/2025 12:00,User1,Login,Success
11/16/2025 12:00,User1,Login,Success
11/16/2025 12:00,User1,Login,Success
11/16/2025 12:00,User1,Login,Success
11/16/2025 12:00,User1,Login,Success
11/16/2025 12:00,User1,Login,Success
11/16/2025 12:00,User1,Login,Success
11/16/2025 12:00,User1,Login,Success
11/16/2025 12:00,User1,Login,Success
11/16/2025 12:00,User1,Login,Success
11/16/2025 12:00,User1,Login,Success
11/16/2025 12:00,User1,Login,Success
11/16/2025 12:00,User1,Login,Success
11/16/2025 12:00,User1,Login,Success
11/16/2025 12:00,User1,Login,Success
11/16/2025 12:00,User1,Login,Success
11/16/2025 12:00,User1,Login,Success
11/16/2025 12:00,User1,Login,Success
11/16/2025 12:00,User1,Login,Success
11/16/2025 12:00,User1,Login,Success
11/16/2025 12:00,User1,Login,Success
11/16/2025 12:00,User1,Login,Success
11/16/2025 12:00,User1,Login,Success
11/16/2025 12:00,User1,Login,Success
11/16/2025 12:00,User1,Login,Success
11/16/2025 12:00,User1,Login,Success
11/16/2025 12:00,User1,Login,Success
11/16/2025 12:00,User1,Login,Success
11/16/2025 12:00,User1,Login,Success
11/16/2025 12:00,User1,Login,Success
11/16/2025 12:00,User1,Login,Success
11/16/2025 12:00,User1,Login,Success
11/16/2025 12:00,User1,Login,Success
11/16/2025 12:00,User1,Login,Success
11/16/2025 12:00,User1,Login,Success
11/16/2025 12:00,User1,Login,Success
11/16/2025 12:00,User1,Login,Success
11/16/2025 12:00,User1,Login,Success
11/16/2025 12:00,User1,Login,Success
11/16/2025 12:00,User1,Login,Success
11/16/2025 12:00,User1,Login,Success
11/16/2025 12:00,User1,Login,Success
11/16/2025 12:00,User1,Login,Success
11/16/2025 12:00,User1,Login,Success
11/16/2025 12:00,User1,Login,Success
11/16/2025 12:00,User1,Login,Success
11/16/2025 12:00,User1,Login,Success
11/16/2025 12:00,User1,Login,Success
11/16/2025 12:00,User1,Login,Success
11/16/2025 12:00,User1,Login,Success
11/16/2025 12:00,User1,Login,Success
11/16/2025 12:00,User1,Login,Success
11/16/2025 12:00,User1,Login,Success
11/16/2025 12:00,User1,Login,Success
11/16/2025 12:00,User1,Login,Success
11/16/2025 12:00,User1,Login,Success
11/16/2025 12:00,User1,Login,Success
11/16/2025 12:00,User1,Login,Success
11/16/2025 12:00,User1,Login,Success
11/16/2025 12:00,User1,Login,Success
11/16/2025 12:00,User1,Login,Success
11/16/2025 12:00,User1,Login,Success
11/16/2025 12:00,User1,Login,Success
11/16/2025 12:00,User1,Login,Success
11/16/2025 12:00,User1,Login,Success
11/16/2025 12:00,User1,Login,Success
11/16/2025 12:00,User1,Login,Success
11/16/2025 12:00,User1,Login,Success
11/16/2025 12:00,User1,Login,Success
11/16/2025 12:00,User1,Login,Success
11/16/2025 12:00,User1,Login,Success
11/16/2025 12:00,User1,Login,Success
11/16/2025 12:00,User1,Login,Success
11/16/2025 12:00,User1,Login,Success
11/16/2025 12:00,User1,Login,Success
11/16/2025 12:00,User1,Login,Success
11/16/2025 12:00,User1,Login,Success
11/16/2025 12:00,User1,Login,Success
11/16/2025 12:00,User1,Login,Success
11/16/2025 12:00,User1,Login,Success
11/16/2025 12:00,User1,Login,Success
11/16/2025 12:00,User1,Login,Success
11/16/2025 12:00,User1,Login,Success
11/16/2025 12:00,User1,Login,Success
11/16/2025 12:00,User1,Login,Success
11/16/2025 12:00,User1,Login,Success
11/16/2025 12:00,User1,Login,Success
11/16/2025 12:00,User1,Login,Success
11/16/2025 12:00,User1,Login,Success
11/16/2025 12:00,User1,Login,Success
11/16/2025 12:00,User1,Login,Success
11/16/2025 12:00,User1,Login,Success
11/16/2025 12:00,User1,Login,Success
11/16/2025 12:00,User1,Login,Success
11/16/2025 12:00,User1,Login,Success
11/16/2025 12:00,User1,Login,Success
11/16/2025 12:00,User1,Login,Success
11/16/2025 12:00,User1,Login,Success
11/16/2025 12:00,User1,Login,Success
11/16/2025 12:00,User1,Login,Success
11/16/2025 12:00,User1,Login,Success
11/16/2025 12:00,User1,Login,Success
11/16/2025 12:00,User1,Login,Success
11/16/2025 12:00,User1,Login,Success
11/16/2025 12:00,User1,Login,Success
11/16/2025 12:00,User1,Login,Success
11/16/2025 12:00,User1,Login,Success
11/16/2025 12:00,User1,Login,Success
11/16/2025 12:00,User1,Login,Success
11/16/2025 12:00,User1,Login,Success
11/16/2025 12:00,User1,Login,Success
11/16/2025 12:00,User1,Login,Success
11/16/2025 12:00,User1,Login,Success
11/16/2025 12:00,User1,Login,Success
11/16/2025 12:00,User1,Login,Success
11/16/2025 12:00,User1,Login,Success
11/16/2025 12:00,User1,Login,Success
11/16/2025 12:00,User1,Login,Success
11/16/2025 12:00,User1,Login,Success
11/16/2025 12:00,User1,Login,Success
11/16/2025 12:00,User1,Login,Success
11/16/2025 12:00,User1,Login,Success
11/16/2025 12:00,User1,Login,Success
11/16/2025 12:00,User1,Login,Success
11/16/2025 12:00,User1,Login,Success
11/16/2025 12:00,User1,Login,Success
11/16/2025 12:00,User1,Login,Success
11/16/2025 12:00,User1,Login,Success
11/16/2025 12:00,User1,Login,Success
11/16/2025 12:00,User1,Login,Success
11/16/2025 12:00,User1,Login,Success
11/16/2025 12:00,User1,Login,Success
11/16/2025 12:00,User1,Login,Success
11/16/2025 12:00,User1,Login,Success
11/16/2025 12:00,User1,Login,Success
11/16/2025 12:00,User1,Login,Success
11/16/2025 12:00,User1,Login,Success
11/16/2025 12:00,User1,Login,Success
11/16/2025 12:00,User1,Login,Success
11/16/2025 12:00,User1,Login,Success
11/16/2025 12:00,User1,Login,Success
11/16/2025 12:00,User1,Login,Success
11/16/2025 12:00,User1,Login,Success
11/16/2025 12:00,User1,Login,Success
11/16/2025 12:00,User1,Login,Success
11/16/2025 12:00,User1,Login,Success
11/16/2025 12:00,User1,Login,Success
11/16/2025 12:00,User1,Login,Success
11/16/2025 12:00,User1,Login,Success
11/16/2025 12:00,User1,Login,Success
11/16/2025 12:00,User1,Login,Success
11/16/2025 12:00,User1,Login,Success
11/16/2025 12:00,User1,Login,Success
11/16/2025 12:00,User1,Login,Success
11/16/2025 12:00,User1,Login,Success
11/16/2025 12:00,User1,Login,Success
11/16/2025 12:00,User1,Login,Success
11/16/2025 12:00,User1,Login,Success
11/16/2025 12:00,User1,Login,Success
11/16/2025 12:00,User1,Login,Success
11/16/2025 12:00,User1,Login,Success
11/16/2025 12:00,User1,Login,Success
11/16/2025 12:00,User1,Login,Success
11/16/2025 12:00,User1,Login,Success
11/16/2025 12:00,User1,Login,Success
11/16/2025 12:00,User1,Login,Success
11/16/2025 12:00,User1,Login,Success
11/16/2025 12:00,User1,Login,Success
11/16/2025 12:00,User1,Login,Success
11/16/2025 12:00,User1,Login,Success
11/16/2025 12:00,User1,Login,Success
11/16/2025 12:00,User1,Login,Success
11/16/2025 12:00,User1,Login,Success
11/16/2025 12:00,User1,Login,Success
11/16/2025 12:00,User1,Login,Success
11/16/2025 12:00,User1,Login,Success
11/16/2025 12:00,User1,Login,Success
11/16/2025 12:00,User1,Login,Success
11/16/2025 12:00,User1,Login,Success
11/16/2025 12:00,User1,Login,Success
11/16/2025 12:00,User1,Login,Success
11/16/2025 12:00,User1,Login,Success
11/16/2025 12:00,User1,Login,Success
11/16/2025 12:00,User1,Login,Success
11/16/2025 12:00,User1,Login,Success
11/16/2025 12:00,User1,Login,Success
11/16/2025 12:00,User1,Login,Success
11/16/2025 12:00,User1,Login,Success
11/16/2025 12:00,User1,Login,Success
11/16/2025 12:00,User1,Login,Success
11/16/2025 12:00,User1,Login,Success
11/16/2025 12:00,User1,Login,Success
11/16/2025 12:00,User1,Login,Success
11/16/2025 12:00,User1,Login,Success
11/16/2025 12:00,User1,Login,Success
11/16/2025 12:00,User1,Login,Success
11/16/2025 12:00,User1,Login,Success
11/16/2025 12:00,User1,Login,Success
11/16/2025 12:00,User1,Login,Success
11/16/2025 12:00,User1,Login,Success
11/16/2025 12:00,User1,Login,Success
11/16/2025 12:00,User1,Login,Success
11/16/2025 12:00,User1,Login,Success
11/16/2025 12:00,User1,Login,Success
11/16/2025 12:00,User1,Login,Success
11/16/2025 12:00,User1,Login,Success
11/16/2025 12:00,User1,Login,Success
11/16/2025 12:00,User1,Login,Success
11/16/2025 12:00,User1,Login,Success
11/16/2025 12:00,User1,Login,Success
11/16/2025 12:00,User1,Login,Success
11/16/2025 12:00,User1,Login,Success
11/16/2025 12:00,User1,Login,Success
11/16/2025 12:00,User1,Login,Success
11/16/2025 12:00,User1,Login,Success
11/16/2025 12:00,User1,Login,Success
11/16/2025 12:00,User1,Login,Success
11/16/2025 12:00,User1,Login,Success
11/16/2025 12:00,User1,Login,Success
11/16/2025 12:00,User1,Login,Success
11/16/2025 12:00,User1,Login,Success
11/16/2025 12:00,User1,Login,Success
11/16/2025 12:00,User1,Login,Success
11/16/2025 12:00,User1,Login,Success
11/16/2025 12:00,User1,Login,Success
11/16/2025 12:00,User1,Login,Success
11/16/2025 12:00,User1,Login,Success
11/16/2025 12:00,User1,Login,Success
11/16/2025 12:00,User1,Login,Success
11/16/2025 12:00,User1,Login,Success
11/16/2025 12:00,User1,Login,Success
11/16/2025 12:00,User1,Login,Success
11/16/2025 12:00,User1,Login,Success
11/16/2025 12:00,User1,Login,Success
11/16/2025 12:00,User1,Login,Success
11/16/2025 12:00,User1,Login,Success
11/16/2025 12:00,User1,Login,Success
11/16/2025 12:00,User1,Login,Success
11/16/2025 12:00,User1,Login,Success
11/16/2025 12:00,User1,Login,Success
11/16/2025 12:00,User1,Login,Success
11/16/2025 12:00,User1,Login,Success
11/16/2025 12:00,User1,Login,Success
11/16/2025 12:00,User1,Login,Success
11/16/2025 12:00,User1,Login,Success
11/16/2025 12:00,User1,Login,Success
11/16/2025 12:00,User1,Login,Success
11/16/2025 12:00,User1,Login,Success
11/16/2025 12:00,User1,Login,Success
11/16/2025 12:00,User1,Login,Success
11/16/2025 12:00,User1,Login,Success
11/16/2025 12:00,User1,Login,Success
11/16/2025 12:00,User1,Login,Success
11/16/2025 12:00,User1,Login,Success
11/16/2025 12:00,User1,Login,Success
11/16/2025 12:00,User1,Login,Success
11/16/2025 12:00,User1,Login,Success
11/16/2025 12:00,User1,Login,Success
11/16/2025 12:00,User1,Login,Success
11/16/2025 12:00,User1,Login,Success
11/16/2025 12:00,User1,Login,Success
11/16/2025 12:00,User1,Login,Success
11/16/2025 12:00,User1,Login,Success
11/16/2025 12:00,User1,Login,Success
11/16/2025 12:00,User1,Login,Success
11/16/2025 12:00,User1,Login,Success
11/16/2025 12:00,User1,Login,Success
11/16/2025 12:00,User1,Login,Success
11/16/2025 12:00,User1,Login,Success
11/16/2025 12:00,User1,Login,Success
11/16/2025 12:00,User1,Login,Success
11/16/2025 12:00,User1,Login,Success
11/16/2025 12:00,Us0er1,Login,Sulllccess
11/16/2025 12:00,User1,Login,Success
11/16/2025 12:00,User1,Login,Success
11/16/2025 12:00,User1,Login,Success
11/16/2025 12:00,User1,Login,Success
,User1,Login,Success
11/16/2025 12:00,User1,Login,Success
11/16/2025 12:00,User1,Login,Success
11/16/2025 12:00,User1,Login,Success
11/16/2025 12:00,User1,Login,Success
11/16/2025 12:00,User1,Login,Success
11/16/2025 12:00,User1,Login,Success
11/16/2025 12:00,User1,Login,Success
11/16/2025 12:00,User1,Login,Success
11/16/2025 12:00,User1,Login,Success
11/16/2025 12:00,User1,Login,Success
